B Ideal$,1.2158991396135999,Total$,19.72,Price$,4.96,Coefficient,0.061658171379999994,Order Pressure,0.061658171379999994,Trend Pressure,0.0,Candle Pressure,0.0,Band Pressure,0,Time,1546993535.2937784
N Ideal$,0.0,Total$,19.72,Price$,4.97,Coefficient,0,Order Pressure,-0.05188882862,Trend Pressure,-0.13440860215053477,Candle Pressure,0.0,Band Pressure,0,Time,1546993897.561349
N Ideal$,0.0,Total$,19.72,Price$,4.96,Coefficient,0,Order Pressure,-0.10757367141,Trend Pressure,0.0,Candle Pressure,0.0,Band Pressure,0,Time,1546994260.882782
N Ideal$,0.0,Total$,19.72,Price$,4.97,Coefficient,0,Order Pressure,-0.12911532891,Trend Pressure,0.0,Candle Pressure,0.0,Band Pressure,0,Time,1546994624.304734
B Ideal$,9.2091474437856,Total$,19.72,Price$,4.96,Coefficient,0.46699530648,Order Pressure,-0.005004693520000002,Trend Pressure,0.0,Candle Pressure,0.472,Band Pressure,0,Time,1546994988.19328
N Ideal$,0.0,Total$,19.72,Price$,4.96,Coefficient,0,Order Pressure,0.020011241749999995,Trend Pressure,-0.13440860215053477,Candle Pressure,0.0,Band Pressure,0,Time,1546995351.7408953
B Ideal$,12.286216608949397,Total$,19.72,Price$,4.94,Coefficient,0.6230332965998681,Order Pressure,0.28571343127999993,Trend Pressure,-0.13468013468013182,Candle Pressure,0.472,Band Pressure,0,Time,1546995715.752191
B Ideal$,0.7604839831745996,Total$,19.72,Price$,4.95,Coefficient,0.03856409650986814,Order Pressure,-0.17875576881,Trend Pressure,-0.13468013468013182,Candle Pressure,0.352,Band Pressure,0,Time,1546996078.8281672
B Ideal$,7.405117682028799,Total$,19.72,Price$,4.96,Coefficient,0.37551306704,Order Pressure,0.02351306704,Trend Pressure,0.0,Candle Pressure,0.352,Band Pressure,0,Time,1546996441.5877452
B Ideal$,0.687181520479062,Total$,19.72,Price$,4.96,Coefficient,0.03484693308717353,Order Pressure,-0.09929122922000001,Trend Pressure,0.13413816230717354,Candle Pressure,0.0,Band Pressure,0,Time,1546996804.0425587
B Ideal$,5.597721491211062,Total$,19.72,Price$,4.97,Coefficient,0.28386011618717355,Order Pressure,-0.20227804612,Trend Pressure,0.13413816230717354,Candle Pressure,0.352,Band Pressure,0,Time,1546997167.0021224
B Ideal$,5.475537512847054,Total$,19.72,Price$,4.97,Coefficient,0.2776641740794652,Order Pressure,0.06007277623,Trend Pressure,-0.13440860215053477,Candle Pressure,0.352,Band Pressure,0,Time,1546997529.7006106
B Ideal$,11.401137533251598,Total$,19.72,Price$,4.97,Coefficient,0.57815099053,Order Pressure,0.10615099053,Trend Pressure,0.0,Candle Pressure,0.472,Band Pressure,0,Time,1546997893.3828442
B Ideal$,6.507531520722399,Total$,19.72,Price$,4.98,Coefficient,0.32999652741999996,Order Pressure,-0.14200347258,Trend Pressure,0.0,Candle Pressure,0.472,Band Pressure,0,Time,1546998256.3800676
B Ideal$,7.036376778637324,Total$,19.72,Price$,4.98,Coefficient,0.3568142382676128,Order Pressure,-0.011054570300000002,Trend Pressure,0.1338688085676128,Candle Pressure,0.234,Band Pressure,0,Time,1546998617.8143175
B Ideal$,10.594231165043999,Total$,19.72,Price$,5.0,Coefficient,0.5372328177,Order Pressure,0.0652328177,Trend Pressure,0.0,Candle Pressure,0.472,Band Pressure,0,Time,1546998981.0330079
B Ideal$,19.72,Total$,19.72,Price$,4.99,Coefficient,1,Order Pressure,1.26372359465,Trend Pressure,0.0,Candle Pressure,0.472,Band Pressure,0,Time,1546999343.6220217
B Ideal$,19.72,Total$,19.72,Price$,5.0,Coefficient,1,Order Pressure,1.5693234102299998,Trend Pressure,-0.1333333333333305,Candle Pressure,0.0,Band Pressure,0,Time,1546999705.6603196
B Ideal$,7.647558559100878,Total$,19.72,Price$,4.99,Coefficient,0.38780722916333055,Order Pressure,0.25447389583,Trend Pressure,0.1333333333333305,Candle Pressure,0.0,Band Pressure,0,Time,1547000067.7166102
B Ideal$,19.72,Total$,19.72,Price$,4.99,Coefficient,1,Order Pressure,1.43506150691,Trend Pressure,0.0,Candle Pressure,0.472,Band Pressure,0,Time,1547000431.7819083
N Ideal$,0.0,Total$,19.72,Price$,4.99,Coefficient,0,Order Pressure,-0.95505916488,Trend Pressure,-0.13360053440213476,Candle Pressure,0.472,Band Pressure,0,Time,1547000796.3635173
B Ideal$,19.72,Total$,19.72,Price$,4.99,Coefficient,1,Order Pressure,2.7269973032399992,Trend Pressure,0.0,Candle Pressure,0.0,Band Pressure,0,Time,1547001159.172328
B Ideal$,19.72,Total$,19.72,Price$,4.99,Coefficient,1,Order Pressure,2.32155422567,Trend Pressure,0.0,Candle Pressure,0.0,Band Pressure,0,Time,1547001524.2393992
N Ideal$,0.0,Total$,19.72,Price$,4.99,Coefficient,0,Order Pressure,-0.08107517854999999,Trend Pressure,0.13360053440213476,Candle Pressure,-0.124,Band Pressure,0,Time,1547001889.0784473
B Ideal$,16.718428650182098,Total$,19.72,Price$,4.99,Coefficient,0.8477904995021348,Order Pressure,0.3661899651,Trend Pressure,0.13360053440213476,Candle Pressure,0.348,Band Pressure,0,Time,1547002251.0515008
B Ideal$,4.581373206818911,Total$,19.72,Price$,4.99,Coefficient,0.23232115653239913,Order Pressure,0.3661899651,Trend Pressure,-0.1338688085676009,Candle Pressure,0.0,Band Pressure,0,Time,1547002613.6143703
B Ideal$,3.570644857634,Total$,19.72,Price$,4.99,Coefficient,0.18106718345,Order Pressure,0.18106718345,Trend Pressure,0.0,Candle Pressure,0.0,Band Pressure,0,Time,1547002977.323214
B Ideal$,0.6869389097605104,Total$,19.72,Price$,4.99,Coefficient,0.03483463031239911,Order Pressure,0.16870343888,Trend Pressure,-0.1338688085676009,Candle Pressure,0.0,Band Pressure,0,Time,1547003341.1303122
B Ideal$,5.21149127394371,Total$,19.72,Price$,4.99,Coefficient,0.2642744053723991,Order Pressure,0.04614321394,Trend Pressure,-0.1338688085676009,Candle Pressure,0.352,Band Pressure,0,Time,1547003703.4574447
B Ideal$,6.119962791589999,Total$,19.72,Price$,4.99,Coefficient,0.31034294074999996,Order Pressure,-0.04165705925,Trend Pressure,0.0,Candle Pressure,0.352,Band Pressure,0,Time,1547004067.3304093
B Ideal$,9.075198474922399,Total$,19.72,Price$,4.99,Coefficient,0.46020276241999997,Order Pressure,-0.01179723758000001,Trend Pressure,0.0,Candle Pressure,0.472,Band Pressure,0,Time,1547004430.0084248
B Ideal$,13.453717258638124,Total$,19.72,Price$,5.0,Coefficient,0.6822371835009191,Order Pressure,-0.055897214370000003,Trend Pressure,0.26613439787091914,Candle Pressure,0.472,Band Pressure,0,Time,1547004792.4504082
B Ideal$,7.745620843803676,Total$,19.72,Price$,5.01,Coefficient,0.39277996165333046,Order Pressure,-0.09255337168000001,Trend Pressure,0.1333333333333305,Candle Pressure,0.352,Band Pressure,0,Time,1547005156.67144
B Ideal$,5.486974886974063,Total$,19.72,Price$,5.0,Coefficient,0.2782441626254596,Order Pressure,0.14517696369000005,Trend Pressure,0.13306719893545957,Candle Pressure,0.0,Band Pressure,0,Time,1547005521.0135694
B Ideal$,19.386942614529996,Total$,19.72,Price$,5.0,Coefficient,0.9831106802499999,Order Pressure,0.51111068025,Trend Pressure,0.0,Candle Pressure,0.472,Band Pressure,0,Time,1547005883.1528535
B Ideal$,16.367844309042322,Total$,19.72,Price$,5.0,Coefficient,0.8300123888966695,Order Pressure,0.49134572223,Trend Pressure,-0.1333333333333305,Candle Pressure,0.472,Band Pressure,0,Time,1547006246.291045
B Ideal$,14.304859715120061,Total$,19.72,Price$,5.02,Coefficient,0.7253985656754596,Order Pressure,0.59233136674,Trend Pressure,0.13306719893545957,Candle Pressure,0.0,Band Pressure,0,Time,1547006609.2218983
B Ideal$,10.233304103955541,Total$,19.72,Price$,5.03,Coefficient,0.5189302283953114,Order Pressure,0.12131591428,Trend Pressure,0.39761431411531145,Candle Pressure,0.0,Band Pressure,0,Time,1547006972.8242862
B Ideal$,6.600567918963043,Total$,19.72,Price$,4.99,Coefficient,0.3347143975133389,Order Pressure,0.6013810641799999,Trend Pressure,-0.266666666666661,Candle Pressure,0.0,Band Pressure,0,Time,1547007335.7815542
B Ideal$,6.767503419977777,Total$,19.72,Price$,4.99,Coefficient,0.34317968661144915,Order Pressure,0.8775818242200001,Trend Pressure,-0.5344021376085509,Candle Pressure,0.0,Band Pressure,0,Time,1547007699.9275844
B Ideal$,2.0980175686928004,Total$,19.72,Price$,5.0,Coefficient,0.10639034324000002,Order Pressure,0.10639034324000002,Trend Pressure,0.0,Candle Pressure,0.0,Band Pressure,0,Time,1547008062.0622876
B Ideal$,4.434253437858125,Total$,19.72,Price$,5.01,Coefficient,0.22486072200091914,Order Pressure,-0.041273675870000005,Trend Pressure,0.26613439787091914,Candle Pressure,0.0,Band Pressure,0,Time,1547008426.1380253
N Ideal$,0.0,Total$,19.72,Price$,5.01,Coefficient,0,Order Pressure,-0.3325996979900001,Trend Pressure,0.13306719893545957,Candle Pressure,0.0,Band Pressure,0,Time,1547008788.505344
N Ideal$,0.0,Total$,19.72,Price$,5.0,Coefficient,0,Order Pressure,-0.4504491165,Trend Pressure,0.0,Candle Pressure,0.0,Band Pressure,0,Time,1547009151.0097473
N Ideal$,0.0,Total$,19.72,Price$,5.01,Coefficient,0,Order Pressure,-0.9949979980000001,Trend Pressure,0.0,Candle Pressure,0.0,Band Pressure,0,Time,1547009515.1341538
B Ideal$,7.799193956733999,Total$,19.72,Price$,5.01,Coefficient,0.39549665095,Order Pressure,-0.07650334905,Trend Pressure,0.0,Candle Pressure,0.472,Band Pressure,0,Time,1547009878.5080392
B Ideal$,4.2536376983248,Total$,19.72,Price$,5.01,Coefficient,0.21570170884,Order Pressure,-0.25629829115999997,Trend Pressure,0.0,Candle Pressure,0.472,Band Pressure,0,Time,1547010241.7444377
N Ideal$,0.0,Total$,19.72,Price$,5.0,Coefficient,0,Order Pressure,0.08465071164,Trend Pressure,-0.1333333333333305,Candle Pressure,0.0,Band Pressure,0,Time,1547010604.8547556
N Ideal$,0.0,Total$,19.72,Price$,4.99,Coefficient,0,Order Pressure,0.10070919274000001,Trend Pressure,-0.2672010688042695,Candle Pressure,0.0,Band Pressure,0,Time,1547010968.2709305
N Ideal$,0.0,Total$,19.72,Price$,4.99,Coefficient,0,Order Pressure,0.09099801795000001,Trend Pressure,-0.13360053440213476,Candle Pressure,0.0,Band Pressure,0,Time,1547011330.9441657
B Ideal$,14.537882597676397,Total$,19.72,Price$,4.99,Coefficient,0.7372151418699999,Order Pressure,0.26521514186999995,Trend Pressure,0.0,Candle Pressure,0.472,Band Pressure,0,Time,1547011694.321457
B Ideal$,10.113025845338399,Total$,19.72,Price$,5.0,Coefficient,0.51283092522,Order Pressure,0.27883092521999997,Trend Pressure,0.0,Candle Pressure,0.234,Band Pressure,0,Time,1547012057.083088
B Ideal$,6.513593431960399,Total$,19.72,Price$,4.99,Coefficient,0.33030392656999996,Order Pressure,0.33030392656999996,Trend Pressure,0.0,Candle Pressure,0.0,Band Pressure,0,Time,1547012420.3478522
N Ideal$,0.0,Total$,19.72,Price$,5.0,Coefficient,0,Order Pressure,-0.20353603201999998,Trend Pressure,0.0,Candle Pressure,0.0,Band Pressure,0,Time,1547012782.5179968
B Ideal$,8.136382472383199,Total$,19.72,Price$,4.99,Coefficient,0.41259546006,Order Pressure,-0.05940453994000001,Trend Pressure,0.0,Candle Pressure,0.472,Band Pressure,0,Time,1547013145.4580293
B Ideal$,10.139956200470799,Total$,19.72,Price$,5.0,Coefficient,0.51419656189,Order Pressure,0.042196561890000005,Trend Pressure,0.0,Candle Pressure,0.472,Band Pressure,0,Time,1547013509.8753943
B Ideal$,11.622278648157199,Total$,19.72,Price$,4.99,Coefficient,0.5893650430099999,Order Pressure,0.11736504301,Trend Pressure,0.0,Candle Pressure,0.472,Band Pressure,0,Time,1547013873.9254003
N Ideal$,0.0,Total$,19.72,Price$,4.98,Coefficient,0,Order Pressure,0.061570085079999996,Trend Pressure,-0.2677376171352018,Candle Pressure,0.0,Band Pressure,0,Time,1547014239.692213
B Ideal$,3.31915747342,Total$,19.72,Price$,4.98,Coefficient,0.1683142735,Order Pressure,0.1683142735,Trend Pressure,0.0,Candle Pressure,0.0,Band Pressure,0,Time,1547014601.6444743
N Ideal$,0.0,Total$,19.72,Price$,4.97,Coefficient,0,Order Pressure,0.11307481427999998,Trend Pressure,-0.13413816230718545,Candle Pressure,0.0,Band Pressure,0,Time,1547014965.621257
N Ideal$,0.0,Total$,19.72,Price$,4.97,Coefficient,0,Order Pressure,-0.28431408654999996,Trend Pressure,-0.13413816230718545,Candle Pressure,0.0,Band Pressure,0,Time,1547015328.7318392
N Ideal$,0.0,Total$,19.72,Price$,4.98,Coefficient,0,Order Pressure,-0.011348031229999996,Trend Pressure,0.0,Candle Pressure,0.0,Band Pressure,0,Time,1547015692.014849
N Ideal$,0.0,Total$,19.72,Price$,4.98,Coefficient,0,Order Pressure,-0.011348031229999996,Trend Pressure,0.0,Candle Pressure,0.0,Band Pressure,0,Time,1547016054.8358421
B Ideal$,1.6084899830351995,Total$,19.72,Price$,4.98,Coefficient,0.08156642915999998,Order Pressure,0.08156642915999998,Trend Pressure,0.0,Candle Pressure,0.0,Band Pressure,0,Time,1547016418.3202415
B Ideal$,1.6651452085839997,Total$,19.72,Price$,4.98,Coefficient,0.0844394122,Order Pressure,0.0844394122,Trend Pressure,0.0,Candle Pressure,0.0,Band Pressure,0,Time,1547016783.2304714
N Ideal$,0.0,Total$,19.72,Price$,4.98,Coefficient,0,Order Pressure,-0.00875431865,Trend Pressure,0.0,Candle Pressure,0.0,Band Pressure,0,Time,1547017146.0243416
B Ideal$,1.8874597224524,Total$,19.72,Price$,4.98,Coefficient,0.09571296767,Order Pressure,0.09571296767,Trend Pressure,0.0,Candle Pressure,0.0,Band Pressure,0,Time,1547017509.807793
B Ideal$,11.812999371598798,Total$,19.72,Price$,4.97,Coefficient,0.5990364792899999,Order Pressure,0.12703647928999998,Trend Pressure,0.0,Candle Pressure,0.472,Band Pressure,0,Time,1547017873.416701
N Ideal$,0.0,Total$,19.72,Price$,4.96,Coefficient,0,Order Pressure,-0.5662556538500001,Trend Pressure,-0.13413816230718545,Candle Pressure,0.234,Band Pressure,0,Time,1547018236.4872296
N Ideal$,0.0,Total$,19.72,Price$,4.98,Coefficient,0,Order Pressure,-0.33095382237000004,Trend Pressure,0.0,Candle Pressure,0.0,Band Pressure,0,Time,1547018601.0023754
N Ideal$,0.0,Total$,19.72,Price$,4.98,Coefficient,0,Order Pressure,-0.23423665737000002,Trend Pressure,0.1338688085676128,Candle Pressure,0.0,Band Pressure,0,Time,1547018964.4358215
N Ideal$,0.0,Total$,19.72,Price$,4.97,Coefficient,0,Order Pressure,-0.35784591989000003,Trend Pressure,-0.13413816230718545,Candle Pressure,0.0,Band Pressure,0,Time,1547019327.0994806
N Ideal$,0.0,Total$,19.72,Price$,4.98,Coefficient,0,Order Pressure,-0.40118436079,Trend Pressure,0.0,Candle Pressure,0.0,Band Pressure,0,Time,1547019691.0080986
N Ideal$,0.0,Total$,19.72,Price$,4.98,Coefficient,0,Order Pressure,-0.34572846521,Trend Pressure,-0.13413816230718545,Candle Pressure,0.0,Band Pressure,0,Time,1547020054.6691341
N Ideal$,0.0,Total$,19.72,Price$,4.97,Coefficient,0,Order Pressure,-0.35062846521,Trend Pressure,-0.13413816230718545,Candle Pressure,0.0,Band Pressure,0,Time,1547020418.1013136
B Ideal$,9.967972788537388,Total$,19.72,Price$,5.0,Coefficient,0.5054752935363788,Order Pressure,0.10627369672999999,Trend Pressure,0.3992015968063788,Candle Pressure,0.0,Band Pressure,0,Time,1547020781.2497187
B Ideal$,14.8231650297408,Total$,19.72,Price$,4.98,Coefficient,0.75168179664,Order Pressure,0.27968179664000004,Trend Pressure,0.0,Candle Pressure,0.472,Band Pressure,0,Time,1547021144.05712
B Ideal$,9.543379219834621,Total$,19.72,Price$,4.98,Coefficient,0.48394417950479823,Order Pressure,0.27968179664000004,Trend Pressure,-0.2677376171352018,Candle Pressure,0.472,Band Pressure,0,Time,1547021507.2174098
B Ideal$,2.8701204690431035,Total$,19.72,Price$,4.97,Coefficient,0.1455436343328146,Order Pressure,0.27968179664000004,Trend Pressure,-0.13413816230718545,Candle Pressure,0.0,Band Pressure,0,Time,1547021871.062871
B Ideal$,2.8701204690431035,Total$,19.72,Price$,4.97,Coefficient,0.1455436343328146,Order Pressure,0.27968179664000004,Trend Pressure,-0.13413816230718545,Candle Pressure,0.0,Band Pressure,0,Time,1547022234.7435772
B Ideal$,5.515325029740801,Total$,19.72,Price$,4.98,Coefficient,0.27968179664000004,Order Pressure,0.27968179664000004,Trend Pressure,0.0,Candle Pressure,0.0,Band Pressure,0,Time,1547022597.9006824
B Ideal$,1.4292260008115998,Total$,19.72,Price$,4.97,Coefficient,0.07247596352999999,Order Pressure,0.07247596352999999,Trend Pressure,0.0,Candle Pressure,0.0,Band Pressure,0,Time,1547022960.757118
N Ideal$,0.0,Total$,19.72,Price$,4.98,Coefficient,0,Order Pressure,-0.11116813672,Trend Pressure,-0.13413816230718545,Candle Pressure,0.0,Band Pressure,0,Time,1547023323.4913757
N Ideal$,0.4476572488349242,Total$,19.72,Price$,4.98,Coefficient,0.02270067184761279,Order Pressure,-0.11116813672,Trend Pressure,0.1338688085676128,Candle Pressure,0.0,Band Pressure,0,Time,1547023685.9577377
N Ideal$,0.0,Total$,19.72,Price$,4.98,Coefficient,0,Order Pressure,-0.11116813672,Trend Pressure,0.0,Candle Pressure,0.0,Band Pressure,0,Time,1547024049.0833995
N Ideal$,0.0,Total$,19.72,Price$,4.98,Coefficient,0,Order Pressure,-0.13104807355000003,Trend Pressure,-0.13413816230718545,Candle Pressure,0.0,Band Pressure,0,Time,1547024411.356995
N Ideal$,0.0,Total$,19.72,Price$,4.98,Coefficient,0,Order Pressure,-0.16004359593999995,Trend Pressure,0.0,Candle Pressure,0.0,Band Pressure,0,Time,1547024774.4265687
N Ideal$,0.0,Total$,19.72,Price$,4.97,Coefficient,0,Order Pressure,-0.16931772528999994,Trend Pressure,-0.13413816230718545,Candle Pressure,0.0,Band Pressure,0,Time,1547025137.5296907
N Ideal$,0.0,Total$,19.72,Price$,4.97,Coefficient,0,Order Pressure,-0.16847560554999996,Trend Pressure,-0.13413816230718545,Candle Pressure,0.0,Band Pressure,0,Time,1547025500.22479
N Ideal$,0.0,Total$,19.72,Price$,4.97,Coefficient,0,Order Pressure,-0.16847560554999996,Trend Pressure,-0.13440860215053477,Candle Pressure,0.0,Band Pressure,0,Time,1547025863.2699018
B Ideal$,3.619101058554,Total$,19.72,Price$,4.97,Coefficient,0.18352439445000002,Order Pressure,-0.16847560554999996,Trend Pressure,0.0,Candle Pressure,0.352,Band Pressure,0,Time,1547026226.1749957
N Ideal$,0.0,Total$,19.72,Price$,4.97,Coefficient,0,Order Pressure,-0.16847560554999996,Trend Pressure,0.0,Candle Pressure,0.0,Band Pressure,0,Time,1547026588.2274878
N Ideal$,0.0,Total$,19.72,Price$,4.97,Coefficient,0,Order Pressure,-0.16847560554999996,Trend Pressure,0.0,Candle Pressure,0.0,Band Pressure,0,Time,1547026950.9134269
N Ideal$,0.0,Total$,19.72,Price$,4.98,Coefficient,0,Order Pressure,-0.16847560554999996,Trend Pressure,0.1338688085676128,Candle Pressure,0.0,Band Pressure,-1,Time,1547027313.6235216
N Ideal$,0.0,Total$,19.72,Price$,4.97,Coefficient,0,Order Pressure,-0.16847560554999996,Trend Pressure,0.0,Candle Pressure,0.0,Band Pressure,0,Time,1547027677.1427703
N Ideal$,0.0,Total$,19.72,Price$,4.98,Coefficient,0,Order Pressure,-0.12957762157,Trend Pressure,-0.13413816230718545,Candle Pressure,0.0,Band Pressure,0,Time,1547028040.3687336
N Ideal$,0.0,Total$,19.72,Price$,4.98,Coefficient,0,Order Pressure,-0.20918009186,Trend Pressure,0.1338688085676128,Candle Pressure,0.0,Band Pressure,0,Time,1547028403.3521137
N Ideal$,0.0,Total$,19.72,Price$,4.98,Coefficient,0,Order Pressure,-0.20918009186,Trend Pressure,0.0,Candle Pressure,0.0,Band Pressure,0,Time,1547028765.0530696
N Ideal$,0.0,Total$,19.72,Price$,4.98,Coefficient,0,Order Pressure,-0.20918009186,Trend Pressure,0.0,Candle Pressure,0.0,Band Pressure,0,Time,1547029129.2009203
N Ideal$,0.0,Total$,19.72,Price$,4.98,Coefficient,0,Order Pressure,-1.0740760954,Trend Pressure,0.0,Candle Pressure,0.0,Band Pressure,0,Time,1547029491.892813
B Ideal$,2.5647402118224973,Total$,19.72,Price$,4.99,Coefficient,0.13005782007213476,Order Pressure,-0.0035427143299999954,Trend Pressure,0.13360053440213476,Candle Pressure,0.0,Band Pressure,0,Time,1547029854.6088107
N Ideal$,0.0,Total$,19.72,Price$,5.0,Coefficient,0,Order Pressure,-0.02579519062,Trend Pressure,0.13360053440213476,Candle Pressure,0.0,Band Pressure,-1,Time,1547030216.1304905
B Ideal$,1.6347490859505258,Total$,19.72,Price$,5.01,Coefficient,0.08289802667091917,Order Pressure,-0.18323637119999997,Trend Pressure,0.26613439787091914,Candle Pressure,0.0,Band Pressure,0,Time,1547030580.1651907
N Ideal$,0.0,Total$,19.72,Price$,5.02,Coefficient,0,Order Pressure,-0.27200126654999995,Trend Pressure,0.26560424966798907,Candle Pressure,0.0,Band Pressure,0,Time,1547030943.559098
N Ideal$,0.0,Total$,19.72,Price$,5.01,Coefficient,0,Order Pressure,-0.48811487858999997,Trend Pressure,0.0,Candle Pressure,0.0,Band Pressure,0,Time,1547031307.1840794
B Ideal$,4.5729462748399365,Total$,19.72,Price$,5.01,Coefficient,0.23189382732454042,Order Pressure,0.012961026260000001,Trend Pressure,-0.13306719893545957,Candle Pressure,0.352,Band Pressure,0,Time,1547031671.1148872
B Ideal$,10.315206848160399,Total$,19.72,Price$,5.01,Coefficient,0.52308351157,Order Pressure,0.05108351157,Trend Pressure,0.0,Candle Pressure,0.472,Band Pressure,0,Time,1547032034.6125956
B Ideal$,11.859763096892772,Total$,19.72,Price$,5.02,Coefficient,0.6014078649539946,Order Pressure,0.23460574012000002,Trend Pressure,0.13280212483399453,Candle Pressure,0.234,Band Pressure,0,Time,1547032397.9281206
B Ideal$,8.538050511946771,Total$,19.72,Price$,5.02,Coefficient,0.4329640219039945,Order Pressure,0.30016189706999996,Trend Pressure,0.13280212483399453,Candle Pressure,0.0,Band Pressure,0,Time,1547032762.5147688
B Ideal$,5.712887951887999,Total$,19.72,Price$,5.02,Coefficient,0.28970020039999994,Order Pressure,0.28970020039999994,Trend Pressure,0.0,Candle Pressure,0.0,Band Pressure,0,Time,1547033126.2015915
B Ideal$,19.0643128907548,Total$,19.72,Price$,5.03,Coefficient,0.9667501465899999,Order Pressure,0.49475014659,Trend Pressure,0.0,Candle Pressure,0.472,Band Pressure,0,Time,1547033489.7085814
B Ideal$,19.72,Total$,19.72,Price$,5.03,Coefficient,1,Order Pressure,0.8676473473,Trend Pressure,0.0,Candle Pressure,0.472,Band Pressure,0,Time,1547033852.7255447
B Ideal$,18.7853762639784,Total$,19.72,Price$,5.03,Coefficient,0.95260528722,Order Pressure,0.95260528722,Trend Pressure,0.0,Candle Pressure,0.0,Band Pressure,0,Time,1547034215.6299994
B Ideal$,19.677042017982995,Total$,19.72,Price$,5.02,Coefficient,0.9978216033459937,Order Pressure,1.13062372818,Trend Pressure,-0.13280212483400633,Candle Pressure,0.0,Band Pressure,0,Time,1547034578.198575
B Ideal$,15.760726878142401,Total$,19.72,Price$,5.03,Coefficient,0.7992255009200001,Order Pressure,0.7992255009200001,Trend Pressure,0.0,Candle Pressure,0.0,Band Pressure,0,Time,1547034942.072786
B Ideal$,19.72,Total$,19.72,Price$,5.03,Coefficient,1,Order Pressure,0.91759980615,Trend Pressure,0.13253810470511168,Candle Pressure,0.0,Band Pressure,0,Time,1547035304.8717365
B Ideal$,10.747520046998597,Total$,19.72,Price$,5.02,Coefficient,0.5450060875759938,Order Pressure,0.6778082124100001,Trend Pressure,-0.13280212483400633,Candle Pressure,0.0,Band Pressure,0,Time,1547035668.154288
B Ideal$,15.980029373510002,Total$,19.72,Price$,5.02,Coefficient,0.8103463171151117,Order Pressure,0.6778082124100001,Trend Pressure,0.13253810470511168,Candle Pressure,0.0,Band Pressure,0,Time,1547036031.7747352
B Ideal$,4.321065458572839,Total$,19.72,Price$,5.01,Coefficient,0.21912096645906892,Order Pressure,0.48525536432999994,Trend Pressure,-0.266134397870931,Candle Pressure,0.0,Band Pressure,0,Time,1547036394.1810417
B Ideal$,1.0899279592628002,Total$,19.72,Price$,5.01,Coefficient,0.05527018049000001,Order Pressure,0.05527018049000001,Trend Pressure,0.0,Candle Pressure,0.0,Band Pressure,0,Time,1547036756.9271288
B Ideal$,3.3704966120424626,Total$,19.72,Price$,5.01,Coefficient,0.17091767809545957,Order Pressure,0.03785047916,Trend Pressure,0.13306719893545957,Candle Pressure,0.0,Band Pressure,0,Time,1547037119.4699173
N Ideal$,0.0,Total$,19.72,Price$,4.99,Coefficient,0,Order Pressure,-0.05492115477,Trend Pressure,-0.13360053440213476,Candle Pressure,0.0,Band Pressure,0,Time,1547037482.1531944
N Ideal$,0.0,Total$,19.72,Price$,4.99,Coefficient,0,Order Pressure,0.14922145569000003,Trend Pressure,-0.2672010688042695,Candle Pressure,0.102,Band Pressure,0,Time,1547037845.9573371
B Ideal$,9.434729510053277,Total$,19.72,Price$,5.0,Coefficient,0.4784345593333305,Order Pressure,0.111101226,Trend Pressure,0.1333333333333305,Candle Pressure,0.234,Band Pressure,0,Time,1547038209.2422285
B Ideal$,5.118048450226302,Total$,19.72,Price$,4.99,Coefficient,0.25953592546786525,Order Pressure,0.15913645987,Trend Pressure,-0.13360053440213476,Candle Pressure,0.234,Band Pressure,0,Time,1547038572.8329368
B Ideal$,1.1093056310639027,Total$,19.72,Price$,4.99,Coefficient,0.05625282104786525,Order Pressure,0.18985335545,Trend Pressure,-0.13360053440213476,Candle Pressure,0.0,Band Pressure,0,Time,1547038934.8390803
B Ideal$,2.2418320623112002,Total$,19.72,Price$,4.99,Coefficient,0.11368316746000001,Order Pressure,0.11368316746000001,Trend Pressure,0.0,Candle Pressure,0.0,Band Pressure,0,Time,1547039298.076671
B Ideal$,1.5007028215471998,Total$,19.72,Price$,4.99,Coefficient,0.07610054876,Order Pressure,0.07610054876,Trend Pressure,0.0,Candle Pressure,0.0,Band Pressure,0,Time,1547039661.698823
B Ideal$,3.7331795166863997,Total$,19.72,Price$,4.99,Coefficient,0.18930930612,Order Pressure,0.18930930612,Trend Pressure,0.0,Candle Pressure,0.0,Band Pressure,0,Time,1547040025.1631615
B Ideal$,1.7416788475037106,Total$,19.72,Price$,4.98,Coefficient,0.08832042837239912,Order Pressure,0.22218923694,Trend Pressure,-0.1338688085676009,Candle Pressure,0.0,Band Pressure,0,Time,1547040387.5891638
B Ideal$,6.7892377229408964,Total$,19.72,Price$,4.98,Coefficient,0.34428183179213473,Order Pressure,0.21068129738999997,Trend Pressure,0.13360053440213476,Candle Pressure,0.0,Band Pressure,0,Time,1547040751.4388103
B Ideal$,4.157367134410097,Total$,19.72,Price$,4.98,Coefficient,0.21081983440213475,Order Pressure,0.07721929999999998,Trend Pressure,0.13360053440213476,Candle Pressure,0.0,Band Pressure,0,Time,1547041114.0824902
B Ideal$,8.834007342900897,Total$,19.72,Price$,4.98,Coefficient,0.44797197479213474,Order Pressure,-0.03762855961,Trend Pressure,0.13360053440213476,Candle Pressure,0.352,Band Pressure,0,Time,1547041476.7546735
B Ideal$,13.6967064141388,Total$,19.72,Price$,4.98,Coefficient,0.69455914879,Order Pressure,0.22255914879,Trend Pressure,0.0,Candle Pressure,0.472,Band Pressure,0,Time,1547041839.9127173
B Ideal$,11.587145776181199,Total$,19.72,Price$,4.98,Coefficient,0.5875834572099999,Order Pressure,0.11558345721,Trend Pressure,0.0,Candle Pressure,0.472,Band Pressure,0,Time,1547042202.7405546
B Ideal$,3.6912323430529246,Total$,19.72,Price$,4.98,Coefficient,0.18718216749761282,Order Pressure,0.05331335893000003,Trend Pressure,0.1338688085676128,Candle Pressure,0.0,Band Pressure,0,Time,1547042566.132819
B Ideal$,2.389079806483355,Total$,19.72,Price$,5.0,Coefficient,0.12115009160666101,Order Pressure,-0.14551657506,Trend Pressure,0.266666666666661,Candle Pressure,0.0,Band Pressure,0,Time,1547042929.9739845
N Ideal$,0.0,Total$,19.72,Price$,4.97,Coefficient,0,Order Pressure,2.9576880000001e-05,Trend Pressure,-0.13360053440213476,Candle Pressure,0.0,Band Pressure,0,Time,1547043294.5695844
N Ideal$,0.0,Total$,19.72,Price$,4.98,Coefficient,0,Order Pressure,-1.5565658049500002,Trend Pressure,-0.1338688085676009,Candle Pressure,0.352,Band Pressure,0,Time,1547043656.6441226
B Ideal$,9.9192412112984,Total$,19.72,Price$,4.97,Coefficient,0.50300411822,Order Pressure,0.03100411822,Trend Pressure,0.0,Candle Pressure,0.472,Band Pressure,0,Time,1547044021.0255532
N Ideal$,0.0,Total$,19.72,Price$,4.97,Coefficient,0,Order Pressure,0.09303071356,Trend Pressure,-0.13413816230718545,Candle Pressure,0.0,Band Pressure,0,Time,1547044385.8679895
B Ideal$,0.6766294393023027,Total$,19.72,Price$,4.98,Coefficient,0.03431183769281454,Order Pressure,0.16845,Trend Pressure,-0.13413816230718545,Candle Pressure,0.0,Band Pressure,0,Time,1547044749.5262735
B Ideal$,1.0304040572074729,Total$,19.72,Price$,4.96,Coefficient,0.052251727038918505,Order Pressure,0.32106893134000003,Trend Pressure,-0.2688172043010815,Candle Pressure,0.0,Band Pressure,0,Time,1547045112.8300009
B Ideal$,10.846599092077902,Total$,19.72,Price$,4.97,Coefficient,0.5500303799228146,Order Pressure,0.33216854223000003,Trend Pressure,-0.13413816230718545,Candle Pressure,0.352,Band Pressure,0,Time,1547045475.1548636
B Ideal$,10.3543523199032,Total$,19.72,Price$,4.97,Coefficient,0.52506857606,Order Pressure,0.17306857606000003,Trend Pressure,0.0,Candle Pressure,0.352,Band Pressure,0,Time,1547045837.9330308
B Ideal$,11.818040799554774,Total$,19.72,Price$,4.92,Coefficient,0.5992921297948669,Order Pressure,0.004150429389999994,Trend Pressure,-0.4048582995951331,Candle Pressure,0.0,Band Pressure,1,Time,1547046201.5766563
N Ideal$,0.0,Total$,19.72,Price$,4.93,Coefficient,0,Order Pressure,-0.24111644999999998,Trend Pressure,-0.4065040650406538,Candle Pressure,0.0,Band Pressure,0,Time,1547046563.7768166
B Ideal$,3.6023579494238103,Total$,19.72,Price$,4.93,Coefficient,0.18267535240485855,Order Pressure,0.04744884801,Trend Pressure,0.13522650439485853,Candle Pressure,0.0,Band Pressure,0,Time,1547046926.8624482
N Ideal$,0.0,Total$,19.72,Price$,4.96,Coefficient,0,Order Pressure,-0.783748049,Trend Pressure,0.2693602693602756,Candle Pressure,0.0,Band Pressure,0,Time,1547047291.480837
B Ideal$,11.247224281907833,Total$,19.72,Price$,4.97,Coefficient,0.5703460589202756,Order Pressure,-0.17101421044,Trend Pressure,0.2693602693602756,Candle Pressure,0.472,Band Pressure,0,Time,1547047654.260758
B Ideal$,4.047514891324799,Total$,19.72,Price$,4.96,Coefficient,0.20524923384,Order Pressure,-0.02875076616000001,Trend Pressure,0.0,Candle Pressure,0.234,Band Pressure,0,Time,1547048017.2917993
B Ideal$,0.726009455707801,Total$,19.72,Price$,4.95,Coefficient,0.0368158953198682,Order Pressure,0.17149603000000002,Trend Pressure,-0.13468013468013182,Candle Pressure,0.0,Band Pressure,0,Time,1547048381.4866357
B Ideal$,4.538510714408545,Total$,19.72,Price$,4.96,Coefficient,0.23014760215053476,Order Pressure,0.09573899999999999,Trend Pressure,0.13440860215053477,Candle Pressure,0.0,Band Pressure,0,Time,1547048744.5856328
B Ideal$,19.72,Total$,19.72,Price$,4.96,Coefficient,1,Order Pressure,0.73687917216,Trend Pressure,0.13440860215053477,Candle Pressure,0.472,Band Pressure,0,Time,1547049107.5309415
B Ideal$,7.679997704985862,Total$,19.72,Price$,4.97,Coefficient,0.3894522162771735,Order Pressure,0.021314053970000003,Trend Pressure,0.13413816230717354,Candle Pressure,0.234,Band Pressure,0,Time,1547049470.7645378
N Ideal$,0.0,Total$,19.72,Price$,5.0,Coefficient,0,Order Pressure,0.2179604253,Trend Pressure,0.40080160320641617,Candle Pressure,0.0,Band Pressure,-1,Time,1547049834.5707996
B Ideal$,19.72,Total$,19.72,Price$,4.99,Coefficient,1,Order Pressure,0.052997037799999994,Trend Pressure,0.5344021376085509,Candle Pressure,0.472,Band Pressure,0,Time,1547050198.5688748
B Ideal$,14.4709786217104,Total$,19.72,Price$,5.0,Coefficient,0.73382244532,Order Pressure,0.26182244532000004,Trend Pressure,0.0,Candle Pressure,0.472,Band Pressure,0,Time,1547050561.7534823
B Ideal$,5.033316734271102,Total$,19.72,Price$,4.97,Coefficient,0.2552391853078652,Order Pressure,0.38883971971,Trend Pressure,-0.13360053440213476,Candle Pressure,0.0,Band Pressure,0,Time,1547050926.0738547
N Ideal$,0.0,Total$,19.72,Price$,4.98,Coefficient,0,Order Pressure,0.03404491775,Trend Pressure,-0.2677376171352018,Candle Pressure,0.0,Band Pressure,0,Time,1547051287.7415528
B Ideal$,6.269129251354924,Total$,19.72,Price$,4.98,Coefficient,0.3179071628476128,Order Pressure,0.18403835427999998,Trend Pressure,0.1338688085676128,Candle Pressure,0.0,Band Pressure,0,Time,1547051649.6504405
N Ideal$,0.0,Total$,19.72,Price$,4.97,Coefficient,0,Order Pressure,0.04353824487,Trend Pressure,-0.2688172043010815,Candle Pressure,0.0,Band Pressure,0,Time,1547052013.1542525
N Ideal$,0.0,Total$,19.72,Price$,4.98,Coefficient,0,Order Pressure,-1.38955720528,Trend Pressure,-0.13413816230718545,Candle Pressure,0.0,Band Pressure,0,Time,1547052376.762518
N Ideal$,0.0,Total$,19.72,Price$,4.97,Coefficient,0,Order Pressure,-1.3775930311700002,Trend Pressure,0.13413816230717354,Candle Pressure,0.0,Band Pressure,0,Time,1547052739.9959524
B Ideal$,10.0413858242492,Total$,19.72,Price$,4.98,Coefficient,0.50919806411,Order Pressure,0.15719806411,Trend Pressure,0.0,Candle Pressure,0.352,Band Pressure,0,Time,1547053103.8991427
B Ideal$,12.223760009255598,Total$,19.72,Price$,4.98,Coefficient,0.6198661262299999,Order Pressure,0.26786612622999995,Trend Pressure,0.0,Candle Pressure,0.352,Band Pressure,0,Time,1547053467.5361629
N Ideal$,0.0,Total$,19.72,Price$,4.98,Coefficient,0,Order Pressure,-0.16556406232,Trend Pressure,-0.268276324614359,Candle Pressure,0.0,Band Pressure,0,Time,1547053831.4292955
B Ideal$,14.20861139664331,Total$,19.72,Price$,4.98,Coefficient,0.7205178193023991,Order Pressure,0.50238662787,Trend Pressure,-0.1338688085676009,Candle Pressure,0.352,Band Pressure,0,Time,1547054195.7030506
B Ideal$,17.421516735808797,Total$,19.72,Price$,4.98,Coefficient,0.88344405354,Order Pressure,0.41144405354,Trend Pressure,0.0,Candle Pressure,0.472,Band Pressure,0,Time,1547054559.8508341
N Ideal$,0.0,Total$,19.72,Price$,4.98,Coefficient,0,Order Pressure,-0.34247086896,Trend Pressure,-0.13413816230718545,Candle Pressure,0.234,Band Pressure,0,Time,1547054924.520375
N Ideal$,0.0,Total$,19.72,Price$,4.97,Coefficient,0,Order Pressure,-0.01178526271,Trend Pressure,-0.13413816230718545,Candle Pressure,0.0,Band Pressure,0,Time,1547055288.8843694
B Ideal$,12.118186957306799,Total$,19.72,Price$,4.98,Coefficient,0.6145125231899999,Order Pressure,0.14251252319,Trend Pressure,0.0,Candle Pressure,0.472,Band Pressure,0,Time,1547055653.1324012
B Ideal$,2.298437995353598,Total$,19.72,Price$,4.99,Coefficient,0.11655365087999991,Order Pressure,-0.35544634912000006,Trend Pressure,0.0,Candle Pressure,0.472,Band Pressure,0,Time,1547056017.0640025
B Ideal$,7.170064490916498,Total$,19.72,Price$,4.98,Coefficient,0.3635935340221348,Order Pressure,-0.004007000380000001,Trend Pressure,0.13360053440213476,Candle Pressure,0.234,Band Pressure,0,Time,1547056380.771453
N Ideal$,0.0,Total$,19.72,Price$,4.98,Coefficient,0,Order Pressure,-0.49699458954,Trend Pressure,0.0,Candle Pressure,0.0,Band Pressure,0,Time,1547056743.5234764
N Ideal$,0.0,Total$,19.72,Price$,4.99,Coefficient,0,Order Pressure,0.12519329241000002,Trend Pressure,-0.1338688085676009,Candle Pressure,0.0,Band Pressure,0,Time,1547057106.8292189
B Ideal$,11.168049009060097,Total$,19.72,Price$,4.99,Coefficient,0.5663310856521347,Order Pressure,0.08073055124999999,Trend Pressure,0.13360053440213476,Candle Pressure,0.352,Band Pressure,0,Time,1547057471.378689
B Ideal$,2.7613757039052,Total$,19.72,Price$,4.99,Coefficient,0.14002919391000002,Order Pressure,0.14002919391000002,Trend Pressure,0.0,Candle Pressure,0.0,Band Pressure,0,Time,1547057835.0418296
B Ideal$,7.90855788963491,Total$,19.72,Price$,4.99,Coefficient,0.4010424893323991,Order Pressure,0.06291129790000001,Trend Pressure,-0.1338688085676009,Candle Pressure,0.472,Band Pressure,0,Time,1547058199.5713818
B Ideal$,12.897364326420876,Total$,19.72,Price$,4.99,Coefficient,0.6540245601633304,Order Pressure,0.04869122682999999,Trend Pressure,0.1333333333333305,Candle Pressure,0.472,Band Pressure,0,Time,1547058561.8016846
B Ideal$,11.126979359064,Total$,19.72,Price$,5.0,Coefficient,0.5642484462,Order Pressure,0.09224844620000001,Trend Pressure,0.0,Candle Pressure,0.472,Band Pressure,0,Time,1547058926.4053576
B Ideal$,1.014831102786302,Total$,19.72,Price$,5.0,Coefficient,0.051462023467865214,Order Pressure,-0.28693744213,Trend Pressure,-0.13360053440213476,Candle Pressure,0.472,Band Pressure,0,Time,1547059290.6591253
B Ideal$,11.693559329786702,Total$,19.72,Price$,4.99,Coefficient,0.5929796820378652,Order Pressure,0.25458021644,Trend Pressure,-0.13360053440213476,Candle Pressure,0.472,Band Pressure,0,Time,1547059652.7913005
B Ideal$,7.88824376133371,Total$,19.72,Price$,4.99,Coefficient,0.40001236112239913,Order Pressure,0.06188116969000001,Trend Pressure,-0.1338688085676009,Candle Pressure,0.472,Band Pressure,0,Time,1547060015.1470163
B Ideal$,8.072728172815312,Total$,19.72,Price$,4.98,Coefficient,0.40936755440239925,Order Pressure,0.5432363629700001,Trend Pressure,-0.1338688085676009,Candle Pressure,0.0,Band Pressure,0,Time,1547060378.3905354
B Ideal$,18.26960910241211,Total$,19.72,Price$,4.98,Coefficient,0.9264507658423992,Order Pressure,0.58831957441,Trend Pressure,-0.1338688085676009,Candle Pressure,0.472,Band Pressure,0,Time,1547060740.521238
B Ideal$,10.214803066267997,Total$,19.72,Price$,4.99,Coefficient,0.5179920418999999,Order Pressure,0.0459920419,Trend Pressure,0.0,Candle Pressure,0.472,Band Pressure,0,Time,1547061104.0620673
B Ideal$,1.1680126569872,Total$,19.72,Price$,4.98,Coefficient,0.05922985076000001,Order Pressure,0.05922985076000001,Trend Pressure,0.0,Candle Pressure,0.0,Band Pressure,0,Time,1547061467.6803403
N Ideal$,0.0,Total$,19.72,Price$,4.98,Coefficient,0,Order Pressure,0.00524418236,Trend Pressure,-0.1338688085676009,Candle Pressure,0.0,Band Pressure,0,Time,1547061830.5037837
N Ideal$,0.0,Total$,19.72,Price$,4.99,Coefficient,0,Order Pressure,-0.03207164087,Trend Pressure,0.0,Candle Pressure,0.0,Band Pressure,0,Time,1547062194.0494084
B Ideal$,10.782865701248097,Total$,19.72,Price$,4.97,Coefficient,0.5467984635521348,Order Pressure,-0.05880207085,Trend Pressure,0.13360053440213476,Candle Pressure,0.472,Band Pressure,0,Time,1547062558.3398626
B Ideal$,3.42410687548611,Total$,19.72,Price$,4.98,Coefficient,0.1736362512923991,Order Pressure,-0.044494940139999994,Trend Pressure,-0.1338688085676009,Candle Pressure,0.352,Band Pressure,0,Time,1547062922.1463766
B Ideal$,7.284345132490096,Total$,19.72,Price$,4.98,Coefficient,0.36938869840213473,Order Pressure,-0.116211836,Trend Pressure,0.13360053440213476,Candle Pressure,0.352,Band Pressure,0,Time,1547063284.3600714
B Ideal$,17.403310178056426,Total$,19.72,Price$,4.99,Coefficient,0.8825208001042814,Order Pressure,0.1433197313,Trend Pressure,0.2672010688042814,Candle Pressure,0.472,Band Pressure,0,Time,1547063648.1617737
B Ideal$,9.574626581235998,Total$,19.72,Price$,4.99,Coefficient,0.48552873129999996,Order Pressure,0.013528731300000004,Trend Pressure,0.0,Candle Pressure,0.472,Band Pressure,0,Time,1547064011.891861
N Ideal$,0.0,Total$,19.72,Price$,4.98,Coefficient,0,Order Pressure,-0.030386116429999985,Trend Pressure,-0.268276324614359,Candle Pressure,0.0,Band Pressure,0,Time,1547064375.1578956
N Ideal$,0.0,Total$,19.72,Price$,4.97,Coefficient,0,Order Pressure,0.07427843189000002,Trend Pressure,-0.13413816230718545,Candle Pressure,0.0,Band Pressure,0,Time,1547064738.5415058
B Ideal$,4.384214734780702,Total$,19.72,Price$,4.97,Coefficient,0.22232326241281453,Order Pressure,0.004461424719999998,Trend Pressure,-0.13413816230718545,Candle Pressure,0.352,Band Pressure,0,Time,1547065102.2571507
B Ideal$,10.020278481973323,Total$,19.72,Price$,4.97,Coefficient,0.5081277120676128,Order Pressure,0.022258903500000003,Trend Pressure,0.1338688085676128,Candle Pressure,0.352,Band Pressure,0,Time,1547065466.5288131
N Ideal$,0.0,Total$,19.72,Price$,4.97,Coefficient,0,Order Pressure,-0.22289676911999998,Trend Pressure,-0.13440860215053477,Candle Pressure,0.0,Band Pressure,0,Time,1547065829.4151819
N Ideal$,0.0,Total$,19.72,Price$,4.96,Coefficient,0,Order Pressure,-0.009999108190000001,Trend Pressure,0.0,Candle Pressure,0.0,Band Pressure,0,Time,1547066192.9437284
N Ideal$,0.0,Total$,19.72,Price$,4.96,Coefficient,0,Order Pressure,-0.16132815447999999,Trend Pressure,-0.13440860215053477,Candle Pressure,0.0,Band Pressure,0,Time,1547066556.8886347
B Ideal$,5.8132695742192,Total$,19.72,Price$,4.96,Coefficient,0.29479054636,Order Pressure,-0.17720945364,Trend Pressure,0.0,Candle Pressure,0.472,Band Pressure,0,Time,1547066919.4515345
B Ideal$,6.662553531240799,Total$,19.72,Price$,4.95,Coefficient,0.33785768413999995,Order Pressure,-0.13414231586000003,Trend Pressure,0.0,Candle Pressure,0.472,Band Pressure,0,Time,1547067283.1960387
N Ideal$,0.0,Total$,19.72,Price$,4.96,Coefficient,0,Order Pressure,-0.00648307493,Trend Pressure,-0.13468013468013182,Candle Pressure,0.0,Band Pressure,0,Time,1547067647.8175187
B Ideal$,14.740491378767597,Total$,19.72,Price$,4.96,Coefficient,0.7474894208299999,Order Pressure,0.7474894208299999,Trend Pressure,0.0,Candle Pressure,0.0,Band Pressure,0,Time,1547068009.9198246
B Ideal$,7.2905175243944,Total$,19.72,Price$,4.96,Coefficient,0.36970170002,Order Pressure,0.36970170002,Trend Pressure,0.0,Candle Pressure,0.0,Band Pressure,0,Time,1547068373.9360483
N Ideal$,0.469906662810925,Total$,19.72,Price$,5.0,Coefficient,0.02382893827641608,Order Pressure,0.15102733507000002,Trend Pressure,0.40080160320641617,Candle Pressure,0.472,Band Pressure,-1,Time,1547068736.7032402
B Ideal$,15.227769186068125,Total$,19.72,Price$,4.99,Coefficient,0.7721992487864161,Order Pressure,-0.10060235442000001,Trend Pressure,0.40080160320641617,Candle Pressure,0.472,Band Pressure,0,Time,1547069100.6758769
N Ideal$,0.0,Total$,19.72,Price$,4.94,Coefficient,0,Order Pressure,0.03169981192,Trend Pressure,-0.6734006734006711,Candle Pressure,0.314,Band Pressure,0,Time,1547069463.890334
N Ideal$,0.0,Total$,19.72,Price$,4.94,Coefficient,0,Order Pressure,-0.2668233781,Trend Pressure,-0.6747638326585671,Candle Pressure,0.0,Band Pressure,0,Time,1547069825.3073316
B Ideal$,8.880915252628798,Total$,19.72,Price$,4.93,Coefficient,0.45035067203999996,Order Pressure,-0.02164932796,Trend Pressure,0.0,Candle Pressure,0.472,Band Pressure,0,Time,1547070188.402522
N Ideal$,0.0,Total$,19.72,Price$,4.94,Coefficient,0,Order Pressure,-0.02681808447,Trend Pressure,0.0,Candle Pressure,0.0,Band Pressure,0,Time,1547070552.14187
B Ideal$,15.901896640557469,Total$,19.72,Price$,4.96,Coefficient,0.8063842109816162,Order Pressure,-0.06884159547,Trend Pressure,0.40322580645161626,Candle Pressure,0.472,Band Pressure,0,Time,1547070914.5861545
B Ideal$,12.634112718797798,Total$,19.72,Price$,4.97,Coefficient,0.6406750871601318,Order Pressure,0.03399495247999999,Trend Pressure,0.13468013468013182,Candle Pressure,0.472,Band Pressure,0,Time,1547071277.98049
B Ideal$,5.3013764652597235,Total$,19.72,Price$,4.97,Coefficient,0.26883247795434706,Order Pressure,0.0005561533400000011,Trend Pressure,0.2682763246143471,Candle Pressure,0.0,Band Pressure,0,Time,1547071641.9060388
B Ideal$,3.368304440096254,Total$,19.72,Price$,4.97,Coefficient,0.17080651318946521,Order Pressure,-0.04678488465999999,Trend Pressure,-0.13440860215053477,Candle Pressure,0.352,Band Pressure,0,Time,1547072004.3378189
N Ideal$,0.0,Total$,19.72,Price$,4.95,Coefficient,0,Order Pressure,-0.7647943185499999,Trend Pressure,-0.26936026936026364,Candle Pressure,0.352,Band Pressure,0,Time,1547072368.247742
B Ideal$,5.137052111999999,Total$,19.72,Price$,4.95,Coefficient,0.2604996,Order Pressure,-0.21150039999999998,Trend Pressure,0.0,Candle Pressure,0.472,Band Pressure,0,Time,1547072730.2542963
N Ideal$,0.0,Total$,19.72,Price$,4.96,Coefficient,0,Order Pressure,-0.17991359999999998,Trend Pressure,-0.13468013468013182,Candle Pressure,0.234,Band Pressure,0,Time,1547073094.2791734
N Ideal$,0.0,Total$,19.72,Price$,4.95,Coefficient,0,Order Pressure,-0.26463260000000005,Trend Pressure,0.0,Candle Pressure,0.0,Band Pressure,0,Time,1547073459.1349366
N Ideal$,0.0,Total$,19.72,Price$,4.96,Coefficient,0,Order Pressure,-0.23340094719,Trend Pressure,0.0,Candle Pressure,0.0,Band Pressure,0,Time,1547073821.8892193
B Ideal$,5.211606205100124,Total$,19.72,Price$,4.98,Coefficient,0.2642802335243471,Order Pressure,-0.0039960910899999955,Trend Pressure,0.2682763246143471,Candle Pressure,0.0,Band Pressure,0,Time,1547074184.4888332
B Ideal$,8.220211639340013,Total$,19.72,Price$,4.96,Coefficient,0.41684643201521365,Order Pressure,-0.32289118512,Trend Pressure,0.26773761713521366,Candle Pressure,0.472,Band Pressure,0,Time,1547074545.8445456
B Ideal$,8.951887910125103,Total$,19.72,Price$,4.97,Coefficient,0.4539496911828146,Order Pressure,0.35408785349,Trend Pressure,-0.13413816230718545,Candle Pressure,0.234,Band Pressure,0,Time,1547074910.2825
B Ideal$,14.141355667796411,Total$,19.72,Price$,4.98,Coefficient,0.7171072853852136,Order Pressure,0.09736966824999999,Trend Pressure,0.26773761713521366,Candle Pressure,0.352,Band Pressure,0,Time,1547075273.3925834
B Ideal$,6.526366532675599,Total$,19.72,Price$,4.98,Coefficient,0.33095164972999996,Order Pressure,-0.021048350270000002,Trend Pressure,0.0,Candle Pressure,0.352,Band Pressure,0,Time,1547075636.302444
B Ideal$,2.777924453205599,Total$,19.72,Price$,4.98,Coefficient,0.14086837997999996,Order Pressure,-0.21113162002000002,Trend Pressure,0.0,Candle Pressure,0.352,Band Pressure,0,Time,1547076000.512535
